0660,Fall 2011
0665,Spring 2012
0668,Summer 2012
0670,Fall 2012
0675,Spring 2013
0678,Summer 2013
0680,Fall 2013
0685,Spring 2014
0688,Summer 2014
0690,Fall 2014
0695,Spring 2015
0698,Summer 2015
0700,Fall 2015
0705,Spring 2016
0708,Summer 2016
0710,Fall 2016
0715,Spring 2017
0718,Summer 2017
0720,Fall 2017
0725,Spring 2018
0728,Summer 2018
0730,Fall 2018
0735,Spring 2019
0738,Summer 2019
0740,Fall 2019
0745,Spring 2020
0748,Summer 2020
0750,Fall 2020
0755,Spring 2021
0758,Summer 2021
0760,Fall 2021
0765,Spring 2022
0768,Summer 2022
0770,Fall 2022
0775,Spring 2023
0778,Summer 2023
